,year_scope,undefined_amount
0,2015_1,39758.77690436825
0,2015_2,95724.70533509529
0,2015_3,7655.906013920217
0,2015_scope,15774.549334729203
0,2016_1,41838.920967069964
0,2016_2,102531.37495763952
0,2016_3,11397.550585654364
0,2016_scope,17525.730686844803
0,2017_1,39842.00993856128
0,2017_2,108587.09996937834
0,2017_3,18495.69761540596
0,2017_scope,14412.593931644546
0,2018_1,31709.293932300305
0,2018_2,149062.8737718112
0,2018_3,23025.729741601746
0,2018_scope,13418.392072780578
